<?xml version="1.0" encoding="utf-8"?>
<odoo>
    <data>
        <record id="op_result_line_1" model="op.result.line">
            <field name="marksheet_line_id" ref="op_marksheet_line_1" />
            <field name="exam_id" ref="op_exam_1" />
            <field name="exam_tmpl_id" ref="op_result_exam_line_1" />
            <field name="student_id" ref="openeducat_core.op_student_1" />
            <field name="status">pass</field>
            <field name="marks">55.00</field>
            <field name="per">55.00</field>
            <field name="total_marks">100.0</field>
        </record>

        <record id="op_result_line_2" model="op.result.line">
            <field name="marksheet_line_id" ref="op_marksheet_line_2" />
            <field name="exam_id" ref="op_exam_1" />
            <field name="exam_tmpl_id" ref="op_result_exam_line_1" />
            <field name="student_id" ref="openeducat_core.op_student_2" />
            <field name="status">pass</field>
            <field name="marks">59.00</field>
            <field name="per">59.00</field>
            <field name="total_marks">100.0</field>
        </record>

        <record id="op_result_line_3" model="op.result.line">
            <field name="marksheet_line_id" ref="op_marksheet_line_3" />
            <field name="exam_id" ref="op_exam_1" />
            <field name="exam_tmpl_id" ref="op_result_exam_line_1" />
            <field name="student_id" ref="openeducat_core.op_student_3" />
            <field name="status">pass</field>
            <field name="marks">75.00</field>
            <field name="per">75.00</field>
            <field name="total_marks">100.0</field>
        </record>

        <record id="op_result_line_4" model="op.result.line">
            <field name="marksheet_line_id" ref="op_marksheet_line_4" />
            <field name="exam_id" ref="op_exam_1" />
            <field name="exam_tmpl_id" ref="op_result_exam_line_1" />
            <field name="student_id" ref="openeducat_core.op_student_4" />
            <field name="status">pass</field>
            <field name="marks">67.00</field>
            <field name="per">67.00</field>
            <field name="total_marks">100.0</field>
        </record>






        <record id="op_result_line_5" model="op.result.line">
            <field name="marksheet_line_id" ref="op_marksheet_line_1" />
            <field name="exam_id" ref="op_exam_2" />
            <field name="exam_tmpl_id" ref="op_result_exam_line_2" />
            <field name="student_id" ref="openeducat_core.op_student_1" />
            <field name="status">pass</field>
            <field name="marks">45.00</field>
            <field name="per">45.00</field>
            <field name="total_marks">100.0</field>
        </record>

        <record id="op_result_line_6" model="op.result.line">
            <field name="marksheet_line_id" ref="op_marksheet_line_2" />
            <field name="exam_id" ref="op_exam_2" />
            <field name="exam_tmpl_id" ref="op_result_exam_line_2" />
            <field name="student_id" ref="openeducat_core.op_student_2" />
            <field name="status">pass</field>
            <field name="marks">85.00</field>
            <field name="per">85.00</field>
            <field name="total_marks">100.0</field>
        </record>

        <record id="op_result_line_7" model="op.result.line">
            <field name="marksheet_line_id" ref="op_marksheet_line_3" />
            <field name="exam_id" ref="op_exam_2" />
            <field name="exam_tmpl_id" ref="op_result_exam_line_2" />
            <field name="student_id" ref="openeducat_core.op_student_3" />
            <field name="status">pass</field>
            <field name="marks">65.00</field>
            <field name="per">65.00</field>
            <field name="total_marks">100.0</field>
        </record>

        <record id="op_result_line_8" model="op.result.line">
            <field name="marksheet_line_id" ref="op_marksheet_line_4" />
            <field name="exam_id" ref="op_exam_2" />
            <field name="exam_tmpl_id" ref="op_result_exam_line_2" />
            <field name="student_id" ref="openeducat_core.op_student_4" />
            <field name="status">fail</field>
            <field name="marks">0.00</field>
            <field name="per">0.00</field>
            <field name="total_marks">100.0</field>
        </record>





        <record id="op_result_line_9" model="op.result.line">
            <field name="marksheet_line_id" ref="op_marksheet_line_1" />
            <field name="exam_id" ref="op_exam_3" />
            <field name="exam_tmpl_id" ref="op_result_exam_line_3" />
            <field name="student_id" ref="openeducat_core.op_student_1" />
            <field name="status">pass</field>
            <field name="marks">55.00</field>
            <field name="per">55.00</field>
            <field name="total_marks">100.0</field>
        </record>

        <record id="op_result_line_10" model="op.result.line">
            <field name="marksheet_line_id" ref="op_marksheet_line_2" />
            <field name="exam_id" ref="op_exam_3" />
            <field name="exam_tmpl_id" ref="op_result_exam_line_3" />
            <field name="student_id" ref="openeducat_core.op_student_2" />
            <field name="status">pass</field>
            <field name="marks">69.00</field>
            <field name="per">69.00</field>
            <field name="total_marks">100.0</field>
        </record>

        <record id="op_result_line_11" model="op.result.line">
            <field name="marksheet_line_id" ref="op_marksheet_line_3" />
            <field name="exam_id" ref="op_exam_3" />
            <field name="exam_tmpl_id" ref="op_result_exam_line_3" />
            <field name="student_id" ref="openeducat_core.op_student_3" />
            <field name="status">pass</field>
            <field name="marks">84.00</field>
            <field name="per">84.00</field>
            <field name="total_marks">100.0</field>
        </record>

        <record id="op_result_line_12" model="op.result.line">
            <field name="marksheet_line_id" ref="op_marksheet_line_4" />
            <field name="exam_id" ref="op_exam_3" />
            <field name="exam_tmpl_id" ref="op_result_exam_line_3" />
            <field name="student_id" ref="openeducat_core.op_student_4" />
            <field name="status">pass</field>
            <field name="marks">58.00</field>
            <field name="per">58.00</field>
            <field name="total_marks">100.0</field>
        </record>





        <record id="op_result_line_13" model="op.result.line">
            <field name="marksheet_line_id" ref="op_marksheet_line_1" />
            <field name="exam_id" ref="op_exam_4" />
            <field name="exam_tmpl_id" ref="op_result_exam_line_4" />
            <field name="student_id" ref="openeducat_core.op_student_1" />
            <field name="status">pass</field>
            <field name="marks">88.00</field>
            <field name="per">88.00</field>
            <field name="total_marks">100.0</field>
        </record>

        <record id="op_result_line_14" model="op.result.line">
            <field name="marksheet_line_id" ref="op_marksheet_line_2" />
            <field name="exam_id" ref="op_exam_4" />
            <field name="exam_tmpl_id" ref="op_result_exam_line_4" />
            <field name="student_id" ref="openeducat_core.op_student_2" />
            <field name="status">pass</field>
            <field name="marks">83.00</field>
            <field name="per">83.00</field>
            <field name="total_marks">100.0</field>
        </record>

        <record id="op_result_line_15" model="op.result.line">
            <field name="marksheet_line_id" ref="op_marksheet_line_3" />
            <field name="exam_id" ref="op_exam_4" />
            <field name="exam_tmpl_id" ref="op_result_exam_line_4" />
            <field name="student_id" ref="openeducat_core.op_student_3" />
            <field name="status">pass</field>
            <field name="marks">57.00</field>
            <field name="per">57.00</field>
            <field name="total_marks">100.0</field>
        </record>

        <record id="op_result_line_16" model="op.result.line">
            <field name="marksheet_line_id" ref="op_marksheet_line_4" />
            <field name="exam_id" ref="op_exam_4" />
            <field name="exam_tmpl_id" ref="op_result_exam_line_4" />
            <field name="student_id" ref="openeducat_core.op_student_4" />
            <field name="status">pass</field>
            <field name="marks">47.00</field>
            <field name="per">47.00</field>
            <field name="total_marks">100.0</field>
        </record>









        <record id="op_result_line_17" model="op.result.line">
            <field name="marksheet_line_id" ref="op_marksheet_line_5" />
            <field name="exam_id" ref="op_exam_5" />
            <field name="exam_tmpl_id" ref="op_result_exam_line_5" />
            <field name="student_id" ref="openeducat_core.op_student_9" />
            <field name="status">pass</field>
            <field name="marks">56.00</field>
            <field name="per">56.00</field>
            <field name="total_marks">100.0</field>
        </record>

        <record id="op_result_line_18" model="op.result.line">
            <field name="marksheet_line_id" ref="op_marksheet_line_6" />
            <field name="exam_id" ref="op_exam_5" />
            <field name="exam_tmpl_id" ref="op_result_exam_line_5" />
            <field name="student_id" ref="openeducat_core.op_student_10" />
            <field name="status">pass</field>
            <field name="marks">77.00</field>
            <field name="per">77.00</field>
            <field name="total_marks">100.0</field>
        </record>

        <record id="op_result_line_19" model="op.result.line">
            <field name="marksheet_line_id" ref="op_marksheet_line_7" />
            <field name="exam_id" ref="op_exam_5" />
            <field name="exam_tmpl_id" ref="op_result_exam_line_5" />
            <field name="student_id" ref="openeducat_core.op_student_11" />
            <field name="status">fail</field>
            <field name="marks">0.00</field>
            <field name="per">0.00</field>
            <field name="total_marks">100.0</field>
        </record>

        <record id="op_result_line_20" model="op.result.line">
            <field name="marksheet_line_id" ref="op_marksheet_line_8" />
            <field name="exam_id" ref="op_exam_5" />
            <field name="exam_tmpl_id" ref="op_result_exam_line_5" />
            <field name="student_id" ref="openeducat_core.op_student_12" />
            <field name="status">pass</field>
            <field name="marks">65.00</field>
            <field name="per">65.00</field>
            <field name="total_marks">100.0</field>
        </record>






        <record id="op_result_line_21" model="op.result.line">
            <field name="marksheet_line_id" ref="op_marksheet_line_5" />
            <field name="exam_id" ref="op_exam_6" />
            <field name="exam_tmpl_id" ref="op_result_exam_line_6" />
            <field name="student_id" ref="openeducat_core.op_student_9" />
            <field name="status">pass</field>
            <field name="marks">55.00</field>
            <field name="per">55.00</field>
            <field name="total_marks">100.0</field>
        </record>

        <record id="op_result_line_22" model="op.result.line">
            <field name="marksheet_line_id" ref="op_marksheet_line_6" />
            <field name="exam_id" ref="op_exam_6" />
            <field name="exam_tmpl_id" ref="op_result_exam_line_6" />
            <field name="student_id" ref="openeducat_core.op_student_10" />
            <field name="status">pass</field>
            <field name="marks">68.00</field>
            <field name="per">68.00</field>
            <field name="total_marks">100.0</field>
        </record>

        <record id="op_result_line_23" model="op.result.line">
            <field name="marksheet_line_id" ref="op_marksheet_line_7" />
            <field name="exam_id" ref="op_exam_6" />
            <field name="exam_tmpl_id" ref="op_result_exam_line_6" />
            <field name="student_id" ref="openeducat_core.op_student_11" />
            <field name="status">pass</field>
            <field name="marks">61.00</field>
            <field name="per">61.00</field>
            <field name="total_marks">100.0</field>
        </record>

        <record id="op_result_line_24" model="op.result.line">
            <field name="marksheet_line_id" ref="op_marksheet_line_8" />
            <field name="exam_id" ref="op_exam_6" />
            <field name="exam_tmpl_id" ref="op_result_exam_line_6" />
            <field name="student_id" ref="openeducat_core.op_student_12" />
            <field name="status">pass</field>
            <field name="marks">61.00</field>
            <field name="per">61.00</field>
            <field name="total_marks">100.0</field>
        </record>






        <record id="op_result_line_25" model="op.result.line">
            <field name="marksheet_line_id" ref="op_marksheet_line_5" />
            <field name="exam_id" ref="op_exam_7" />
            <field name="exam_tmpl_id" ref="op_result_exam_line_7" />
            <field name="student_id" ref="openeducat_core.op_student_9" />
            <field name="status">pass</field>
            <field name="marks">85.00</field>
            <field name="per">85.00</field>
            <field name="total_marks">100.0</field>
        </record>

        <record id="op_result_line_26" model="op.result.line">
            <field name="marksheet_line_id" ref="op_marksheet_line_6" />
            <field name="exam_id" ref="op_exam_7" />
            <field name="exam_tmpl_id" ref="op_result_exam_line_7" />
            <field name="student_id" ref="openeducat_core.op_student_10" />
            <field name="status">pass</field>
            <field name="marks">54.00</field>
            <field name="per">54.00</field>
            <field name="total_marks">100.0</field>
        </record>

        <record id="op_result_line_27" model="op.result.line">
            <field name="marksheet_line_id" ref="op_marksheet_line_7" />
            <field name="exam_id" ref="op_exam_7" />
            <field name="exam_tmpl_id" ref="op_result_exam_line_7" />
            <field name="student_id" ref="openeducat_core.op_student_11" />
            <field name="status">pass</field>
            <field name="marks">59.00</field>
            <field name="per">59.00</field>
            <field name="total_marks">100.0</field>
        </record>

        <record id="op_result_line_28" model="op.result.line">
            <field name="marksheet_line_id" ref="op_marksheet_line_8" />
            <field name="exam_id" ref="op_exam_7" />
            <field name="exam_tmpl_id" ref="op_result_exam_line_7" />
            <field name="student_id" ref="openeducat_core.op_student_12" />
            <field name="status">pass</field>
            <field name="marks">65.00</field>
            <field name="per">65.00</field>
            <field name="total_marks">100.0</field>
        </record>





        <record id="op_result_line_29" model="op.result.line">
            <field name="marksheet_line_id" ref="op_marksheet_line_5" />
            <field name="exam_id" ref="op_exam_8" />
            <field name="exam_tmpl_id" ref="op_result_exam_line_8" />
            <field name="student_id" ref="openeducat_core.op_student_9" />
            <field name="status">pass</field>
            <field name="marks">55.00</field>
            <field name="per">55.00</field>
            <field name="total_marks">100.0</field>
        </record>

        <record id="op_result_line_30" model="op.result.line">
            <field name="marksheet_line_id" ref="op_marksheet_line_6" />
            <field name="exam_id" ref="op_exam_8" />
            <field name="exam_tmpl_id" ref="op_result_exam_line_8" />
            <field name="student_id" ref="openeducat_core.op_student_10" />
            <field name="status">pass</field>
            <field name="marks">77.00</field>
            <field name="per">77.00</field>
            <field name="total_marks">100.0</field>
        </record>

        <record id="op_result_line_31" model="op.result.line">
            <field name="marksheet_line_id" ref="op_marksheet_line_7" />
            <field name="exam_id" ref="op_exam_8" />
            <field name="exam_tmpl_id" ref="op_result_exam_line_8" />
            <field name="student_id" ref="openeducat_core.op_student_11" />
            <field name="status">pass</field>
            <field name="marks">79.00</field>
            <field name="per">79.00</field>
            <field name="total_marks">100.0</field>
        </record>

        <record id="op_result_line_32" model="op.result.line">
            <field name="marksheet_line_id" ref="op_marksheet_line_8" />
            <field name="exam_id" ref="op_exam_8" />
            <field name="exam_tmpl_id" ref="op_result_exam_line_8" />
            <field name="student_id" ref="openeducat_core.op_student_12" />
            <field name="status">pass</field>
            <field name="marks">68.00</field>
            <field name="per">68.00</field>
            <field name="total_marks">100.0</field>
        </record>

    </data>
</odoo>
